{"count":1,"self":17.1174672,"total":17.146314399999998,"children":{"InitializeActuators":{"count":2,"self":0.0010157999999999999,"total":0.0010157999999999999,"children":null},"InitializeSensors":{"count":2,"self":0.0015057999999999998,"total":0.0015057999999999998,"children":null},"AgentSendState":{"count":567,"self":0.0030047,"total":0.010550799999999999,"children":{"CollectObservations":{"count":114,"self":0.0030050999999999997,"total":0.0030050999999999997,"children":null},"WriteActionMask":{"count":114,"self":0.0010069,"total":0.0010069,"children":null},"RequestDecision":{"count":114,"self":0.0035340999999999997,"total":0.0035340999999999997,"children":null}}},"DecideAction":{"count":567,"self":0.0015519,"total":0.0015519,"children":null},"AgentAct":{"count":567,"self":0.013707299999999999,"total":0.013707299999999999,"children":null}},"gauges":{},"metadata":{"timer_format_version":"0.1.0","start_time_seconds":"1764344000","unity_version":"6000.1.3f1","command_line_arguments":"C:\\Program Files\\Unity\\Hub\\Editor\\6000.1.3f1\\Editor\\Unity.exe -projectpath D:\\Project\\The Knight -useHub -hubIPC -cloudEnvironment production","communication_protocol_version":"1.5.0","com.unity.ml-agents_version":"4.0.0","scene_name":"MyFirstLevel","end_time_seconds":"1764344017"}}